"C","n1","c1","c2","c3","c4","y"
311269761,62.5,1,0,1,1,0
2641015529,30,0,1,1,1,50
341518045,60,0,1,1,1,0
1968683674,62.5,1,0,1,1,0
1530256782,60,0,1,1,1,40
2255317095,1000,0,0,1,1,0
2641015529,8,1,1,1,1,0
2760374904,62.5,1,0,1,1,80
2641015529,250,0,1,1,1,100
2641015529,250,0,0,1,1,90
2007161983,250,1,1,0,1,100
1530256782,30,0,1,1,0,10
2641015529,60,1,1,0,0,80
1024745378,250,0,1,0,0,40
2073784347,250,0,1,0,1,0
684067573,250,0,0,1,1,0
2021009610,125,0,1,0,0,10
1623363247,30,1,1,1,0,20
2641015529,125,0,1,1,1,90
2641015529,30,0,1,0,0,10
2680607166,62.5,1,0,0,1,60
202504168,60,1,1,1,1,90
777403527,1000,0,0,1,1,100
2641015529,250,1,1,1,1,10
1454071915,62.5,0,0,0,0,10
2772036745,250,0,0,0,1,50
2641015529,250,1,1,1,0,80
2641015529,30,0,1,1,0,20
2641015529,60,1,1,0,1,80
2641015529,30,0,1,1,1,20
2641015529,125,0,1,1,0,0
2641015529,15,1,1,1,1,70
2641015529,125,0,1,1,1,100
298091004,60,0,1,0,0,30
2641015529,30,0,1,1,0,10
2641015529,125,0,1,1,1,100
2000063633,1,1,1,0,0,10
2641015529,500,0,1,1,0,30
2641015529,250,0,1,1,1,100
2018383756,125,1,1,0,1,100
2232759502,60,1,1,1,1,0
2641015529,60,1,1,0,0,80
2641015529,15,0,1,0,1,70
554410907,500,1,0,0,0,0
2047735889,15,1,1,1,1,20
2641015529,125,1,1,1,1,70
2641015529,8,0,1,0,1,0
2641015529,250,0,1,1,1,100
2641015529,125,0,1,1,1,70
2641015529,125,1,1,0,1,70
2641015529,30,1,1,0,1,60
2641015529,30,0,1,1,1,90
2641015529,30,0,1,1,0,0
1530256782,8,1,1,0,0,80
303272347,30,0,1,1,0,0
2624169524,125,0,1,0,0,0
2641015529,125,0,1,1,1,0
225536096,250,1,1,0,1,90
1333165084,125,1,1,1,0,30
2082539967,60,1,1,0,1,60
2641015529,30,0,1,0,1,10
2641015529,60,0,1,1,0,10
2641015529,30,0,1,1,0,0
1566641222,125,1,1,0,1,70
2641015529,8,0,1,1,0,0
2641015529,30,1,1,1,1,0
2641015529,30,1,1,1,1,70
2641015529,30,1,1,0,0,80
2958603807,15.625,0,0,1,1,0
968397069,60,0,1,0,0,0
2641015529,15,0,1,0,1,90
2850341554,250,0,1,0,1,0
999575796,62.5,0,0,1,1,0
1006050067,4,1,1,1,1,0
2039937822,1,1,1,0,0,50
2641015529,15,0,1,0,1,100
2005894956,1,1,1,1,1,0
2641015529,60,0,1,0,1,100
796159261,15,1,1,1,0,0
1837436321,1000,0,0,0,0,100
2641015529,15,0,1,1,1,20
2641015529,8,0,1,0,1,0
2641015529,8,1,1,1,1,0
291647191,4,1,1,0,1,70
2005954206,250,0,1,1,1,20
2641015529,250,0,0,1,1,100
950105675,4,1,1,0,1,100
2641015529,30,1,1,0,1,90
398278812,250,1,1,0,1,100
56683832,250,1,0,1,1,90
2125293082,30,1,1,1,0,0
2641015529,125,1,1,0,0,90
1692213733,30,1,1,0,1,40
626453957,60,1,1,0,0,30
2641015529,500,1,0,1,1,90
2641015529,60,1,1,1,0,40
2641015529,30,0,1,1,0,0
2641015529,8,0,1,0,1,10
2113057411,1000,0,0,0,0,90
2641015529,125,1,1,0,1,70
2734153148,250,1,1,0,0,80
744540360,250,1,0,0,0,20
2641015529,250,1,0,1,0,80
2641015529,15,1,1,1,0,0
2641015529,30,0,1,0,1,0
1115672454,250,1,0,0,0,20
2641015529,250,0,1,0,0,80
2641015529,125,0,1,1,1,80
2641015529,250,1,1,1,1,80
1277370522,30,1,1,1,1,30
2641015529,60,1,1,0,1,80
42248244,250,0,0,0,0,0
705981995,125,1,1,1,1,90
1530256782,15,1,1,0,1,90
2641015529,30,1,1,1,1,70
2649054607,250,0,1,0,1,0
1530256782,125,0,1,1,0,20
2641015529,500,1,1,0,1,50
2641015529,250,1,0,0,0,100
2033834661,125,0,1,1,0,0
2641015529,250,0,1,0,0,100
2641015529,30,0,1,1,1,90
2082808823,60,0,1,0,1,0
2641015529,60,1,1,0,0,80
2528308950,125,0,1,1,1,10
880032294,30,1,1,1,1,0
2641015529,15,0,1,0,0,0
2641474502,1000,0,0,0,0,0
1530256782,15,0,1,0,0,0
601556734,125,1,1,0,1,90
2641015529,60,1,1,1,0,10
2641015529,15,1,1,1,1,50
2641015529,62.5,0,0,0,0,100
2641015529,30,1,1,0,1,60
2641015529,15,1,1,1,1,90
747858607,15,1,1,0,1,50
2858315009,30,1,1,1,0,10
2084261924,1000,1,0,1,1,80
2641015529,15,1,1,0,1,70
851123540,125,0,1,0,0,0
2528308950,60,0,1,1,1,0
2641015529,60,0,1,0,1,20
2641015529,62.5,0,0,0,1,100
2641015529,30,0,1,0,0,70
2641015529,15,0,1,0,1,0
796159261,1000,0,0,1,1,90
2641015529,125,1,1,0,0,100
2641015529,15,0,1,1,0,0
860183289,60,1,1,0,1,0
2641015529,60,1,1,1,1,10
880032294,30,0,1,1,1,0
734777183,125,0,1,1,0,0
1530256782,250,1,1,0,1,90
2087440548,60,0,1,0,0,0
1137330731,8,1,1,0,1,0
2641015529,2,1,1,0,0,0
2114432966,500,1,0,0,0,40
2641015529,30,1,1,0,1,70
2495794200,1000,0,0,0,0,90
1566641222,15,1,1,0,1,80
2641015529,60,1,1,0,1,80
2641015529,125,0,1,1,1,80
2641015529,2,1,1,1,1,0
2641015529,30,0,1,1,1,90
2053551514,250,1,1,0,0,100
2641015529,30,0,1,1,1,0
2641015529,250,1,1,0,1,100
718550117,60,0,1,1,0,10
1024745378,60,1,1,0,0,80
2641015529,15,0,1,1,1,60
2641015529,500,0,1,0,1,100
125514374,1000,1,0,1,0,90
2641015529,30,0,1,0,1,30
1852737385,250,1,1,0,0,100
2307664881,125,1,1,0,1,60
2753600179,30,1,1,0,0,70
2641015529,30,1,1,1,1,80
1530256782,15,1,1,1,1,80
2641015529,125,1,1,0,1,100
1530256782,60,0,1,1,1,0
2641015529,125,1,1,0,0,90
2641015529,125,0,1,0,0,0
2641015529,60,1,1,0,0,80
2586352273,62.5,1,0,1,1,50
1811151743,15,1,1,1,1,40
1566641222,125,1,1,1,1,70
2641015529,60,0,1,1,1,0
2641015529,15,0,1,1,0,0
2641015529,125,1,1,0,1,70
2641015529,15,0,1,0,0,40
2641015529,62.5,0,0,0,1,100
48452208,250,1,0,1,0,60
2528308950,60,0,1,0,1,20
2641015529,8,1,1,1,1,0
2981099879,125,0,1,0,1,0
2641015529,125,0,1,0,1,100
1861074436,30,1,1,0,1,90
2641015529,125,0,1,1,1,20
2009571124,4,1,1,0,0,70
2641015529,8,0,1,1,1,0
2371609277,62.5,1,0,0,0,10
2641015529,8,0,1,1,0,0
2006778081,250,0,1,0,0,60
56683832,8,1,1,0,1,30
2641015529,30,0,1,1,0,0
2641015529,250,0,1,1,0,0
2005787345,60,0,1,1,0,0
1301371026,30,1,1,0,1,60
2074733805,125,1,1,0,0,80
636777504,62.5,0,0,1,0,0
2641015529,250,0,1,0,1,100
2641015529,125,0,1,1,1,70
2641015529,125,1,1,0,1,70
2693526805,125,1,1,0,0,100
2641015529,8,0,1,1,1,60
2005787345,30,1,1,1,0,0
2641015529,8,1,1,1,1,50
2641015529,15,0,1,1,1,10
615478933,60,0,1,1,1,0
2641015529,30,1,1,0,1,70
2641015529,125,0,1,1,1,80
2187904409,125,0,1,0,1,70
615478933,60,1,1,0,1,0
2641015529,8,0,1,0,1,0
2164902691,125,0,1,1,1,0
2641015529,30,1,1,1,1,10
2641015529,60,1,1,0,1,90
1755314465,250,0,1,1,1,70
2641015529,8,1,1,1,0,0
2641015529,250,1,1,1,1,100
2641015529,60,0,1,1,1,90
2089935357,125,1,1,0,0,90
2164902691,60,1,1,1,1,0
2641015529,250,0,1,0,0,50
853983471,500,0,0,1,0,0
1935043828,60,1,1,0,1,30
2528308950,250,1,1,1,0,10
509747423,60,1,1,0,1,0
2641015529,125,0,1,0,1,100
2641015529,30,1,1,0,1,70
2092667578,250,1,0,0,0,90
2641015529,60,0,1,1,1,0
2641015529,250,0,1,0,1,80
1965130231,1000,1,0,1,0,20
2641015529,8,1,1,0,1,50
2641015529,250,1,0,0,1,90
2641015529,60,0,1,1,1,90
2641015529,125,1,1,1,1,100
2641015529,60,1,1,0,1,80
2641015529,250,1,0,0,0,90
801811715,250,1,1,1,1,10
2641015529,250,0,1,0,1,90
2958603807,250,0,1,0,1,40
298091004,125,0,1,1,0,30
2641015529,125,0,1,0,1,60
2641015529,250,0,1,1,1,100
2027668676,62.5,0,0,0,1,0
2641015529,30,0,1,1,1,0
2641015529,15,1,1,0,1,100
2641015529,8,1,1,0,1,90
2022849063,250,1,1,1,0,0
2133539009,30,0,1,0,1,20
2760374904,125,1,1,1,1,40
2641015529,60,1,1,0,0,70
1568289867,30,0,1,0,1,0
2641015529,8,0,1,0,1,20
2641015529,8,0,1,0,1,0
1660300571,1000,1,0,0,0,70
2641015529,30,1,1,1,1,10
2641015529,1000,1,0,0,0,100
2641015529,30,0,1,0,1,100
2641015529,60,0,1,1,1,70
1692213733,60,1,1,1,1,90
2044464564,125,1,1,1,0,0
2641015529,250,1,1,0,0,90
298091004,30,1,1,1,0,0
2641015529,500,0,1,1,1,0
1530256782,1000,1,0,1,1,100
991543574,8,1,1,1,0,0
2641015529,15,1,1,1,1,90
1530256782,62.5,1,0,0,0,90
2641015529,60,1,1,0,1,60
2641015529,15,0,1,0,0,0
1433591419,60,1,1,1,0,10
2641015529,15,0,1,0,1,30
2641015529,500,0,1,1,1,60
2528308950,30,1,1,0,0,80
730771645,125,0,1,0,1,0
2303486694,30,1,1,1,0,0
2886481941,250,0,1,1,1,20
1132106078,250,0,1,1,0,10
2093716870,125,1,1,1,1,70
2641015529,60,0,1,1,1,60
311269761,250,1,1,0,0,90
2933387480,30,1,1,1,1,60
2641015529,15,0,1,0,1,0
2641015529,250,1,1,0,1,100
2706782816,30,1,1,0,0,40
2120731184,250,1,1,1,1,0
2641015529,15,0,1,0,0,20
2641015529,250,0,1,0,1,30
1350191599,62.5,0,0,0,0,20
2641015529,250,0,1,1,1,90
2641015529,15,1,1,1,1,60
2641015529,30,1,1,1,0,0
2641015529,15,1,1,1,0,0
2641015529,8,1,1,1,1,0
2641015529,125,0,1,1,1,90
2641015529,8,0,1,0,0,20
1530256782,125,0,1,0,0,100
777403527,125,0,1,1,1,70
2622372972,30,1,1,0,1,0
2011778366,250,1,0,0,1,100
2641015529,8,0,1,0,0,10
2350595603,250,0,1,1,1,0
2133539009,250,1,1,1,1,80
303272347,30,1,1,0,1,60
2840652757,30,1,1,0,1,0
2641015529,60,1,1,0,1,90
2641015529,250,0,1,1,1,100
2110919853,125,1,1,0,1,20
1530256782,30,1,1,1,1,90
2641015529,8,1,1,1,1,0
1335438707,250,1,0,0,1,90
1541548777,60,1,1,1,0,10
2641015529,125,1,1,0,1,60
2641015529,2,1,1,1,1,30
2641015529,250,1,1,1,1,40
2641015529,60,0,1,1,1,100
1002999139,250,0,0,1,1,90
2107449132,15,1,1,1,1,70
2641015529,30,1,1,0,1,70
2641015529,125,0,1,0,1,100
2107449132,30,1,1,0,1,90
2641015529,125,0,1,0,0,0
2710400219,62.5,1,0,1,0,0
2641015529,60,1,1,1,1,70
2641015529,30,1,1,0,1,100
2641015529,8,0,1,1,1,0
2082539967,30,1,1,0,0,30
2045569781,60,1,1,0,1,0
2995083351,250,0,0,0,0,90
2528308950,30,1,1,1,1,30
2347995646,250,1,0,1,1,0
2641015529,15,0,1,0,1,0
2641015529,60,0,1,1,0,0
950105675,2,1,1,1,1,20
2641015529,60,1,1,1,1,80
2049459348,15,1,1,0,1,0
500605627,15,1,1,1,1,0
1277426043,1,1,1,1,1,0
2641015529,8,0,1,0,0,90
2641015529,60,0,1,1,1,10
2034936463,250,1,1,1,1,70
2641015529,15,0,1,0,0,40
202504168,125,0,1,1,0,0
2767299108,60,1,1,0,0,80
2641015529,250,1,0,1,0,90
2641015529,250,0,1,0,1,70
2034936463,125,1,1,1,1,0
2641015529,125,1,1,1,1,60
2641015529,30,1,1,0,0,70
2641015529,125,0,1,1,1,80
2743794462,250,0,1,1,0,20
2302716872,1,1,1,0,0,0
2095474286,250,1,0,0,1,100
1081277991,30,0,1,1,1,0
2089713397,60,1,1,0,0,80
2641015529,125,1,1,0,1,100
2858315009,125,1,1,1,1,70
1530256782,125,1,1,1,0,80
1530256782,15,0,1,1,0,20
2641015529,250,1,1,1,1,90
2641015529,30,0,1,1,1,40
1681609983,1000,0,0,0,0,40
2641015529,125,0,1,1,1,70
2641015529,30,0,1,0,0,0
2641015529,125,1,1,0,0,80
1067589216,62.5,1,0,1,1,70
2641015529,15,1,1,1,0,0
2641015529,125,1,1,1,0,30
2641015529,31.25,1,0,0,1,80
2641015529,125,1,1,0,1,70
877570563,250,1,0,0,0,80
2641015529,8,0,1,1,0,0
2641015529,62.5,0,0,0,0,70
2641015529,30,0,1,0,1,10
717281094,1000,1,0,0,0,50
2984943882,60,0,1,0,0,0
2528308950,250,1,1,0,1,80
2641015529,15,1,1,1,1,40
564087361,60,0,1,0,0,0
2641015529,30,0,1,1,0,10
1541548777,125,1,1,1,1,80
298091004,60,0,1,1,0,20
2641015529,60,0,1,1,1,60
1530256782,125,0,1,0,0,100
2641015529,15,0,1,1,0,0
2641015529,15,1,1,1,1,70
35270584,250,1,0,1,1,40
2641015529,30,1,1,1,1,60
2641015529,8,0,1,0,0,30
2641015529,8,1,1,1,0,0
303272347,30,1,1,1,0,0
2641015529,125,0,1,1,0,0
2112473591,125,0,1,1,0,0
2011778366,250,1,1,1,1,10
2096438188,125,0,1,1,0,10
2641015529,125,1,1,1,1,100
2641015529,125,0,1,1,1,90
2145526726,250,1,1,1,1,40
2641015529,60,1,1,1,1,70
2641015529,30,1,1,1,1,80
445671389,4,1,1,0,1,100
921639582,125,0,1,0,1,70
594851779,60,0,1,0,0,0
2641015529,250,0,1,0,1,100
663519066,125,1,1,0,0,70
2641015529,15,0,1,1,0,20
1150271433,1000,1,0,0,0,100
2641015529,125,1,1,1,1,80
2641015529,30,0,1,1,1,10
2084088787,15,1,1,0,1,0
1454071915,60,0,1,0,0,40
1003825319,60,0,1,0,1,0
2022360005,8,1,1,1,1,30
2641015529,15,0,1,0,1,30
2641015529,125,1,1,1,0,0
2641015529,15,1,1,1,0,0
1530256782,250,0,1,0,1,100
2003008976,62.5,1,0,1,1,80
2641015529,125,1,1,0,0,80
2641474502,125,0,1,0,0,0
2528308950,60,1,1,1,1,80
2641015529,250,0,1,1,1,90
2641015529,250,0,1,1,1,80
2028967851,250,0,1,0,0,70
2641015529,125,1,1,1,1,20
1350191599,250,0,1,1,1,20
341518045,30,1,1,1,1,60
2302716872,15,1,1,0,0,90
705981995,250,1,1,1,0,80
2016372762,250,0,1,1,1,0
2528308950,125,1,1,0,0,80
2641015529,62.5,1,0,1,1,0
2641015529,8,0,1,0,1,0
2641015529,15,0,1,1,0,0
2641015529,250,0,1,1,1,100
706926498,60,1,1,1,0,0
2032751678,60,0,1,1,1,60
1252582573,8,1,1,1,1,0
2087440548,60,1,1,0,0,80
1737600067,15,1,1,0,1,0
2528308950,1000,1,0,0,0,100
2093554638,60,0,1,1,0,10
2032751678,250,1,0,1,1,90
2641015529,250,1,1,1,1,80
2000068586,60,1,1,0,1,0
2641015529,8,1,1,0,1,60
2641015529,60,1,1,0,1,80
2641015529,250,1,1,1,0,80
2641015529,60,0,1,0,0,50
2094391522,60,1,1,0,0,90
2641015529,125,0,1,1,1,100
2622468661,250,1,0,0,0,30
2641015529,30,0,1,1,0,0
2118873661,15,1,1,0,1,50
2074733805,250,0,1,1,0,20
2641015529,8,1,1,1,1,0
2641015529,8,0,1,0,1,20
2641015529,250,0,1,0,1,100
585121068,250,1,0,0,0,0
1447102447,15,1,1,0,1,70
2066264128,250,1,1,0,0,100
2641015529,8,1,1,1,1,10
2016526756,125,0,1,0,0,0
2641015529,1000,1,0,1,1,80
2064423190,125,0,1,1,1,0
693184093,250,1,1,0,0,100
2641015529,60,1,1,0,1,90
985323858,2,1,1,1,1,0
2641015529,125,0,1,0,0,30
2641015529,125,1,1,0,0,90
2030848809,30,1,1,1,1,20
2133522090,62.5,0,0,0,0,30
2641015529,125,1,1,1,0,30
2641015529,30,0,1,1,0,0
2528308950,60,1,1,1,1,50
2641015529,250,1,1,1,1,70
2641015529,60,1,1,0,1,90
1530256782,15,0,1,0,0,50
2641015529,125,1,1,0,0,100
2467607666,60,1,1,1,1,0
215713613,250,1,0,0,0,0
2641015529,250,0,1,0,1,70
2641015529,125,0,1,0,0,100
409356343,250,1,1,1,1,80
2641015529,250,0,1,1,1,100
2641015529,30,1,1,1,1,90
2641015529,250,1,1,0,0,100
2641015529,125,1,1,0,1,80
2641015529,60,0,1,1,1,40
2641015529,125,0,1,0,1,50
2641015529,250,1,1,1,0,40
2641015529,8,0,1,1,0,0
2750880962,250,1,0,1,0,60
2766665932,60,1,1,1,0,0
1056951336,1000,0,0,0,1,100
2641015529,60,0,1,0,1,80
1566641222,60,1,1,1,0,20
2641015529,1000,0,0,0,0,100
2641015529,1000,0,0,0,1,100
1566641222,250,0,1,1,1,30
2820061880,250,1,0,1,0,20
1585621191,250,1,1,1,1,90
2145526726,30,1,1,1,1,0
2641015529,60,1,1,1,1,70
2048340843,62.5,1,0,1,1,0
2743794462,60,0,1,0,0,10
2641015529,60,0,1,1,0,0
2641015529,60,0,1,1,0,10
2641015529,15,0,1,1,0,0
2641015529,250,1,1,1,1,70
2641015529,60,0,1,0,0,100
2641015529,8,1,1,0,1,70
89976218,250,0,1,1,1,0
2641015529,125,1,1,1,0,60
2113057411,60,0,1,1,0,0
1994854567,62.5,0,0,1,1,0
2641015529,125,0,1,1,1,100
2641015529,30,0,1,1,1,0
2641015529,60,1,1,1,0,0
2014473829,30,1,1,0,0,90
2011750202,30,1,1,1,0,0
2641015529,250,0,1,0,1,90
819766967,125,0,1,1,1,0
2641015529,15,0,1,1,1,0
2641015529,125,0,1,0,1,80
81676411,30,1,1,0,0,60
2641015529,500,0,1,1,1,100
2641015529,30,1,1,0,0,80
1014905061,125,0,1,1,0,0
1350191599,60,0,1,1,1,20
594851779,125,0,1,0,1,50
2667373318,1000,1,0,1,0,90
2641015529,30,0,1,0,0,20
2641015529,15,1,1,1,1,50
2641015529,15,0,1,0,0,0
2641015529,8,0,1,0,1,70
2641015529,250,0,0,1,0,60
2145132968,15,1,1,1,1,20
2641015529,1000,1,0,1,1,90
2641015529,60,1,1,1,0,40
2641015529,125,0,1,0,0,100
2641015529,30,0,1,1,1,0
2528308950,1000,0,0,1,1,100
2641015529,15,0,1,0,0,0
2650752792,60,1,1,1,0,30
2641015529,62.5,0,0,1,1,90
2058278298,250,1,0,0,0,10
2641015529,125,0,1,0,1,80
2641015529,30,1,1,1,1,40
2706782816,250,1,1,1,0,10
2641015529,8,1,1,1,0,0
2641015529,30,1,1,0,0,90
2641015529,250,1,1,1,0,60
2641015529,60,0,1,0,1,60
2981099879,250,0,0,1,0,20
2641015529,125,1,1,0,0,70
796159261,60,1,1,0,0,80
2034936463,250,1,1,1,1,60
2641015529,125,1,1,0,0,80
1810893414,250,0,1,0,1,30
713994497,62.5,0,0,1,0,10
2641015529,30,0,1,1,1,0
1182287526,250,0,1,1,0,0
2641015529,30,0,1,1,0,0
2641015529,60,0,1,1,1,100
2031148441,62.5,0,0,1,1,0
2934278044,2,1,1,1,0,0
2641015529,30,0,1,1,1,20
2528308950,60,1,1,0,0,90
2031148441,62.5,0,0,1,0,0
2641015529,15,0,1,1,0,0
2641015529,15,1,1,1,0,0
2641015529,250,0,1,1,0,0
2641015529,8,1,1,0,0,70
2641015529,30,1,1,1,0,10
777403527,250,1,1,0,1,100
2641015529,15,0,1,1,1,50
2641015529,15,1,1,0,1,40
2641015529,60,1,1,1,0,10
393761108,1000,0,0,1,1,100
2641015529,250,0,1,1,1,100
2641015529,125,1,1,0,1,100
2641015529,30,1,1,1,1,10
2641015529,500,1,0,1,0,90
2077551880,125,1,1,1,1,80
2014473829,30,0,1,0,0,0
2753600179,30,0,1,1,0,0
2641015529,60,1,1,1,1,90
2641015529,250,0,1,1,1,100
1068222184,125,1,1,1,1,90
2641474502,250,0,1,1,1,0
2038528340,250,1,1,1,1,80
2641015529,30,1,1,1,0,0
2641015529,250,0,1,1,1,60
2641015529,60,1,1,1,0,50
2641015529,30,0,1,0,0,0
2641015529,125,1,1,0,1,90
2766665932,1000,1,0,0,0,90
2084261924,125,1,1,0,1,20
2641015529,125,0,1,0,0,0
2641015529,8,0,1,0,1,0
2641015529,60,0,1,0,1,60
2641015529,30,1,1,1,0,0
2641015529,60,1,1,0,1,90
2858315009,60,0,1,1,1,20
2641015529,60,1,1,1,1,90
2016394508,1000,0,0,0,0,0
2641015529,15,0,1,0,0,0
447778147,125,1,1,1,0,0
1530256782,500,0,1,1,1,90
2641015529,250,1,1,1,1,80
393761108,30,1,1,0,1,90
298091004,125,1,1,0,1,100
2641015529,8,1,1,0,1,60
2947803879,60,1,1,1,0,0
2056638827,125,0,1,1,0,0
2641015529,250,1,1,1,1,90
2641015529,125,1,1,1,1,100
2641015529,15,1,1,0,1,70
2641015529,60,0,1,0,1,80
393761108,250,1,1,1,1,80
2641015529,30,1,1,0,1,90
1861074436,125,0,1,1,1,0
1159777496,60,1,1,0,1,20
2096438188,1000,1,0,0,0,100
2641015529,125,0,1,0,1,60
2641015529,250,0,0,0,1,100
2641015529,30,0,1,0,1,100
453139383,30,0,1,0,1,10
2641015529,250,1,1,0,1,80
2641015529,62.5,1,0,0,1,50
2016372762,30,0,1,1,1,0
2047795320,62.5,1,0,0,0,70
2641015529,30,1,1,1,1,70
2641015529,15,1,1,0,1,0
242786067,1000,1,0,1,1,40
1865282480,60,0,1,1,1,0
1841813774,250,0,1,0,0,0
2687366555,250,1,1,0,1,70
2641015529,8,0,1,1,1,0
2641015529,125,1,1,0,1,90
2641015529,8,1,1,0,0,70
2641015529,500,0,1,1,0,30
2641015529,250,1,1,1,1,80
2528308950,62.5,0,0,0,0,60
1081277991,30,1,1,1,1,20
2641015529,15,0,1,0,1,70
2641015529,250,1,1,1,1,70
2641015529,2,1,1,0,1,30
2016686280,60,0,1,1,1,0
2641015529,250,0,1,0,1,60
2006145272,60,1,1,1,1,0
2113057411,62.5,1,0,1,1,90
2016686280,125,0,1,0,0,0
1014905061,125,0,1,0,1,20
2641015529,15,1,1,0,1,90
2641015529,60,1,1,0,0,70
2641015529,500,0,1,0,1,100
2641015529,250,0,1,0,1,50
2528308950,15,1,1,0,0,90
2973222904,60,0,1,0,1,30
2185188360,60,0,1,1,0,50
2641015529,8,1,1,1,1,40
2641015529,8,0,1,1,1,0
2641015529,15,1,1,1,0,0
2000421484,60,0,1,1,1,0
2667373318,62.5,0,0,0,0,0
2641015529,62.5,1,0,1,1,90
1068222184,30,1,1,1,1,60
2138689301,250,0,1,1,1,0
420942325,125,0,1,0,0,0
311269761,250,1,1,0,0,70
2641015529,60,1,1,1,0,20
2641015529,62.5,1,0,0,1,80
2350595603,30,1,1,0,0,10
2641015529,500,1,1,0,0,100
2641015529,125,0,1,1,0,10
2641015529,125,0,1,1,0,0
2036354319,60,1,1,0,1,70
2641015529,30,1,1,1,0,60
2641015529,8,0,1,1,0,0
2641015529,250,1,1,0,0,80
2641015529,15,0,1,1,0,0
1530256782,250,0,1,1,1,100
706926498,125,1,1,1,1,60
819766967,1000,0,0,1,1,100
1530256782,15,0,1,1,0,0
2641015529,250,0,1,1,0,40
968397069,30,1,1,1,1,10
2641015529,30,1,1,0,0,80
1223645248,125,0,1,1,1,0
1530256782,8,0,1,0,1,40
1014905061,15,1,1,0,1,80
2641015529,250,0,1,1,1,0
1333165084,30,1,1,0,0,10
2641015529,1000,0,0,1,1,80
1585621191,60,0,1,0,0,70
2641015529,125,0,1,1,1,100
2934278044,15,1,1,1,1,20
2641015529,8,0,1,1,0,0
744540360,62.5,0,0,0,1,0
376720899,1000,1,0,0,1,100
2068224028,1000,1,0,0,0,90
2641015529,125,1,1,1,1,80
2641015529,60,1,1,0,0,90
2641015529,60,1,1,0,1,70
1623363247,62.5,0,0,1,1,100
2641015529,60,1,1,0,0,90
2528308950,30,1,1,0,1,100
2641015529,250,1,1,0,0,80
2641015529,1000,1,0,1,1,100
2641015529,30,0,1,0,0,20
2641015529,60,0,1,0,1,0
2232759502,125,1,1,0,0,60
2528308950,30,1,1,0,1,0
2641015529,250,1,1,1,1,90
2125300652,250,1,1,0,0,90
2641015529,30,0,1,1,1,0
2641015529,15,1,1,1,0,0
2641015529,15,0,1,0,0,0
2641015529,250,0,1,0,0,80
2641015529,125,0,1,0,1,100
2641015529,125,0,1,1,0,0
2641015529,15,1,1,0,0,90
2641015529,250,0,1,0,0,100
2032293146,1,1,1,0,1,80
2641015529,60,1,1,1,1,80
2641015529,250,1,1,0,0,80
1530256782,62.5,0,0,0,0,100
2641015529,250,0,1,1,0,20
2641015529,250,0,1,1,1,100
2641015529,30,0,1,1,0,30
2641015529,125,1,1,1,1,80
2641015529,30,0,1,0,0,0
1096613432,60,0,1,1,1,0
2754245043,250,1,1,0,0,90
2084261924,125,0,1,0,0,0
2641015529,2,1,1,0,0,30
2164902691,1000,1,0,1,1,10
2641015529,250,0,1,1,1,100
2641015529,125,1,1,0,0,100
2641015529,500,0,1,0,0,100
2641015529,60,0,1,0,0,0
2641015529,125,1,1,0,1,90
335392692,60,1,1,1,0,20
2118873661,250,0,1,0,0,40
2665538446,125,0,1,0,0,0
2641015529,60,0,1,1,1,90
2641015529,250,1,1,1,1,90
2641015529,250,0,1,0,0,100
2017393670,250,0,1,1,0,0
2641015529,60,0,1,0,1,100
2641015529,15,1,1,0,0,90
985323858,1,1,1,1,1,0
2641015529,60,1,1,0,1,70
206089578,15,1,1,0,0,20
2641015529,8,0,1,0,0,0
2047753794,30,1,1,0,0,70
2665538446,60,1,1,0,1,20
2084185819,1000,0,0,0,1,100
2011778366,15,1,1,0,1,60
2017393670,30,0,1,0,0,40
2641015529,8,0,1,0,1,60
909646416,125,1,1,1,1,20
527946605,1000,1,0,1,1,0
2528308950,125,0,1,1,1,70
2641015529,60,1,1,1,1,30
968397069,60,0,1,1,1,0
974452793,62.5,1,0,0,1,80
2641015529,30,1,1,1,1,0
2641015529,8,0,1,0,1,30
2858315009,250,0,1,0,0,0
2641015529,30,1,1,0,1,50
2641015529,60,1,1,0,1,50
2096438188,60,1,1,0,1,70
2641015529,250,0,1,0,1,90
747858607,1,1,1,0,1,50
2528308950,125,1,1,1,0,70
1530256782,60,0,1,0,0,100
2307664881,500,1,1,1,0,0
2911537289,250,1,0,0,1,20
1935043828,1000,1,0,0,1,100
2641015529,125,1,1,0,0,90
1102845412,250,1,1,0,0,80
1428839638,62.5,1,0,1,1,80
2641015529,30,1,1,1,0,0
2641015529,15,1,1,0,1,90
2641015529,60,0,1,1,0,0
2021344637,15,1,1,0,0,20
2641015529,15,1,1,0,1,90
1530256782,62.5,1,0,0,1,90
777403527,60,1,1,1,1,80
2641015529,125,1,1,0,1,80
2272259171,2,1,1,1,1,0
2641015529,15,1,1,1,1,0
2766665932,1000,0,0,1,1,90
2120387640,60,1,1,1,1,0
2641015529,250,0,1,0,1,70
2766665932,250,0,0,1,1,70
2528308950,60,1,1,0,1,100
2641015529,8,0,1,0,0,60
1530256782,1000,0,0,1,0,100
2641015529,8,0,1,1,0,0
2641015529,250,0,1,1,1,100
1447102447,250,1,1,0,1,30
284556063,250,1,0,1,0,0
1454071915,125,0,1,1,1,100
2641015529,250,0,1,0,1,100
2641015529,30,0,1,1,1,30
2641015529,125,0,1,0,0,100
2641015529,250,1,1,1,1,80
2641015529,125,0,1,1,1,80
2641015529,15,1,1,0,0,40
2641015529,60,0,1,0,1,80
1252582573,125,1,1,0,1,100
2641015529,15,1,1,0,0,50
1182287526,30,1,1,0,0,10
2307664881,125,1,1,0,0,70
2641015529,15,1,1,0,1,60
2641015529,15,1,1,1,1,0
2045569781,1000,1,0,1,1,70
2641015529,15,0,1,1,0,0
2641015529,15,0,1,0,1,50
2641015529,500,0,1,0,0,100
420942325,60,1,1,0,0,30
2641015529,60,1,1,1,1,10
2641015529,15,1,1,1,1,80
2641015529,60,1,1,0,0,100
2641015529,15,0,1,0,1,100
1530256782,60,1,1,0,1,90
2641015529,1000,0,0,1,1,20
2641015529,15,0,1,1,1,50
2005954206,250,1,1,1,1,30
2641015529,8,1,1,0,1,80
1530256782,30,1,1,1,0,0
2641015529,15,0,1,0,0,0
225536096,60,1,1,1,1,60
2641015529,125,1,1,0,1,90
2641015529,60,1,1,0,0,70
2641015529,250,0,1,1,0,0
1884559186,30,1,1,1,0,0
693184093,30,1,1,0,1,10
2641015529,60,0,1,1,0,20
2046544431,60,1,1,1,1,60
2641015529,125,1,1,1,1,60
2641015529,30,1,1,1,0,10
1530256782,1000,0,0,0,1,100
718550117,60,1,1,0,0,80
734777183,125,1,1,0,0,100
2641015529,125,0,1,1,0,0
1504037478,1000,1,0,0,0,90
2734153148,15,1,1,0,0,10
2641015529,60,1,1,1,1,80
1353647494,60,0,1,0,0,10
2065913462,250,1,0,1,0,80
615478933,1000,1,1,1,1,10
2641015529,250,1,1,1,1,100
2528308950,250,0,1,1,1,70
2641015529,250,0,1,1,1,90
2067204077,8,1,1,0,1,60
2641015529,30,0,1,1,1,0
1865282480,250,0,1,1,1,0
2034936463,250,1,1,0,0,80
1579501129,250,0,0,1,1,0
2814763339,250,0,0,1,0,0
2641015529,60,1,1,1,0,0
2641015529,60,1,1,1,1,90
81676411,30,1,1,1,0,0
2641015529,60,0,1,0,1,30
2089713397,125,1,1,0,1,100
2641015529,30,1,1,1,1,80
2641015529,60,1,1,0,0,80
2641015529,30,0,1,0,1,30
298091004,125,0,1,1,0,10
2095474286,60,1,1,1,1,10
2641015529,8,1,1,0,0,50
718550117,30,1,1,1,1,70
1530256782,125,1,1,0,1,80
2641015529,250,1,0,1,1,90
2023343202,250,0,1,1,0,10
2641015529,15,1,1,0,0,60
2641015529,60,1,1,0,0,70
2641015529,250,0,1,1,0,10
1096613432,60,1,1,0,1,80
2089713397,30,0,1,0,1,0
2813426569,60,0,1,1,1,0
2663296277,1000,0,0,1,0,60
819766967,30,0,1,1,1,80
2641015529,125,1,1,1,0,10
2641015529,30,1,1,0,0,80
2030848809,1000,0,0,0,1,100
1530256782,250,1,0,0,1,90
2005954206,60,0,1,1,1,0
2641015529,15,0,1,1,0,0
2750880962,30,0,1,1,1,0
2641015529,125,0,1,0,1,100
2011778366,125,0,1,1,0,0
2005787345,15,1,1,1,1,0
2641015529,125,0,1,1,1,0
2641015529,30,1,1,0,0,50
398278812,60,0,1,1,0,0
2035910697,60,0,1,0,0,0
2641015529,125,0,1,1,1,0
2641015529,250,0,1,1,1,100
2641015529,30,1,1,1,1,10
2641015529,250,1,1,1,1,80
2641015529,60,0,1,0,0,80
2641015529,30,1,1,0,0,60
2641015529,30,1,1,1,0,0
2850341554,60,0,1,0,1,0
2641015529,250,1,1,0,1,60
2641015529,250,1,1,0,1,100
2350595603,60,0,1,1,0,0
2641015529,30,0,1,0,1,20
2641015529,125,0,1,0,1,100
2641015529,15,1,1,1,0,0
614661374,8,1,1,1,1,80
2641015529,250,0,1,0,1,30
1165802610,30,1,1,1,1,50
1844079677,8,1,1,0,0,0
2036635343,30,1,1,1,0,0
2641015529,60,0,1,0,1,100
2641015529,30,1,1,1,1,10
2116602766,250,1,1,0,1,100
2641015529,15,0,1,1,1,50
2046544431,250,1,1,0,1,100
1150271433,250,1,1,1,1,0
2767299108,30,1,1,1,0,10
1353647494,125,1,1,0,0,80
33643583,15,1,1,1,1,0
2766118783,125,1,1,0,1,40
2641015529,250,0,1,1,0,0
2641015529,125,0,1,1,1,100
2641015529,125,1,1,0,0,100
2641015529,62.5,0,0,1,1,90
2641015529,125,0,1,1,0,10
2641015529,8,1,1,0,0,40
1688259611,250,1,0,0,0,30
2641015529,30,1,1,1,0,0
2641015529,125,1,1,0,0,90
2641015529,60,0,1,1,0,0
2641015529,250,0,1,0,1,100
2641015529,1000,0,0,0,1,100
2641015529,8,1,1,0,1,70
2641015529,60,1,1,1,1,70
1150271433,125,0,1,0,0,0
2641015529,250,1,1,1,0,60
1799051669,1000,1,0,0,0,10
2641015529,15,0,1,0,1,0
2641015529,125,0,1,1,1,90
425526245,1000,0,0,0,1,0
1566641222,250,0,1,1,1,0
2120387640,250,1,1,1,1,50
2641015529,15,1,1,0,0,80
2641015529,125,0,1,1,1,100
2400456922,60,0,1,0,1,0
1530256782,62.5,1,0,0,0,80
1353647494,125,1,1,0,1,100
1811151743,60,1,1,1,1,10
2641015529,60,0,1,0,1,60
2641015529,250,0,1,1,1,90
2641015529,125,1,1,1,1,60
2641015529,60,1,1,0,1,80
1014905061,125,1,1,0,0,80
2077551880,125,1,1,1,0,90
2641015529,30,0,1,0,0,40
2689292287,62.5,0,0,1,0,0
2641015529,250,1,1,0,1,70
2641015529,125,1,1,1,0,60
2641015529,250,0,1,1,1,90
2014311649,60,1,1,0,0,10
2641015529,8,1,1,1,0,0
2047795320,60,0,1,0,1,0
2641015529,30,0,1,0,0,0
2007161983,15,1,1,0,1,90
2641015529,30,1,1,1,1,80
2062813403,62.5,0,0,1,1,0
2641015529,8,1,1,1,1,70
2641015529,30,0,1,1,0,0
409356343,62.5,0,0,1,1,90
2044464564,250,0,1,1,1,0
2641015529,125,0,1,0,1,100
2083566333,1000,0,0,0,0,0
2641015529,15,0,1,0,1,10
2641015529,125,1,1,0,0,90
2641015529,125,0,1,0,0,0
2006139222,1000,1,0,0,1,10
